t,Fv_obs,Fv_err
131328, 1.35442411e-29, 2.64715125e-30
